id;title;description;created
1;up;../fake-data/blob/hipster.txt;2023-12-26T21:53:43
2;collaborative embrace;../fake-data/blob/hipster.txt;2023-12-26T05:43:14
3;invoice b generate;../fake-data/blob/hipster.txt;2023-12-26T15:16:01
4;Investment global architect;../fake-data/blob/hipster.txt;2023-12-26T17:55:15
5;open-source forecast;../fake-data/blob/hipster.txt;2023-12-26T01:08:17
6;microchip Directeur;../fake-data/blob/hipster.txt;2023-12-26T10:41:49
7;impactful;../fake-data/blob/hipster.txt;2023-12-26T11:38:05
8;Centre;../fake-data/blob/hipster.txt;2023-12-26T20:50:34
9;c Saint-Dominique override;../fake-data/blob/hipster.txt;2023-12-26T17:19:52
10;Directeur functionalities ÃŽle-de-France;../fake-data/blob/hipster.txt;2023-12-26T04:38:58
